,Employee Name,Company,Position,Salary,Location
"Job 1",,"Microsoft","Web Developer",80000,"Seattle, WA"
"Job 2",Steve,"Apple","Software Engineer",100000,"Palo Alto, CA"
"Job 3",Miller,"Google","IOS App Developer",110000,"Richardson, TX"
"Job 4",,"PNC","Software Engineer",75000,"Pittsburg, PA"
"Job 5",,"Microsoft","Web Developer", 82000,"Baltimore, MD"
"Job 6",,"eBay","IOS App Developer",90000,"Germantown, MD"
"Job 7",,"Microsoft","Software Engineer", 85000,"Seattle, WA"
"Job 8",,"Microsoft","IOS App Developer",88000,"Seattle, WA"
"Job 9",,"Apple","Web Developer", 100000,"Palo Alto, CA"
"Job 10",,"Apple","IOS App Developer",95000,"Palo Alto, CA"
